PARIS;75;75
COULOMMES;77580;77130
CHAMPIGNY-SUR-MARNE;94500;94017
MARINES;95640;95370
BOUTIGNY-SUR-ESSONNE;91820;91099
SONCHAMP;78120;78601
SAINT-SOUPPLETS;77165;77437
GUERNES;78520;78290
COULOMBS-EN-VALOIS;77840;77129
CHATRES;77610;77104
VINCENNES;94300;94080
REMAUVILLE;77710;77387
LES ULIS;91940;91692
LES PAVILLONS-SOUS-BOIS;93320;93057
VILLIERS-ADAM;95840;95678
TORCY;77200;77468
MOUSSEAUX-LES-BRAY;77480;77321
ARRANCOURT;91690;91022
PRUNAY-SUR-ESSONNE;91720;91507
JUILLY;77230;77241
CLAMART;92140;92023
CORMEILLES-EN-PARISIS;95240;95176
MAGNY-EN-VEXIN;95420;95355
SOINDRES;78200;78597
FAVIERES;77220;77177
BREANCON;95640;95102
CIVRY-LA-FORET;78910;78163
TANCROU;77440;77460
VERNOUILLET;78540;78643
ESTOUCHES;91660;91222
CARRIERES-SUR-SEINE;78420;78124
COUILLY-PONT-AUX-DAMES;77860;77128
LE THILLAY;95500;95612
POLIGNY;77167;77370
LES ALLUETS-LE-ROI;78580;78010
VAYRES-SUR-ESSONNE;91820;91639
LE KREMLIN-BICETRE;94270;94043
VILLIERS-EN-BIERE;77190;77518
LE MESNIL-AUBRY;95720;95395
CHANTELOUP-EN-BRIE;77600;77085
LISSY;77550;77253
WISSOUS;91320;91689
LUISETAINES;77520;77263
GOUPILLIERES;78770;78278
BLANDY;91150;91067
ETIOLLES;91450;91225
BEAUTHEIL;77120;77028
MAUPERTHUIS;77120;77281
LONGUEVILLE;77650;77260
AUBERGENVILLE;78410;78029
HONDEVILLIERS;77510;77228
FROUVILLE;95690;95258
MONTROUGE;92120;92049
MENERVILLE;78200;78385
NOYEN-SUR-SEINE;77114;77341
FRESNES;94260;94034
FONTENAY-LE-VICOMTE;91540;91244
CHAMBOURCY;78240;78133
VIEILLE-EGLISE-EN-YVELINES;78125;78655
PRUNAY-LE-TEMPLE;78910;78505
ARRONVILLE;95810;95023
SAINT-ANGE-LE-VIEL;77710;77399
CHAMIGNY;77260;77078
THIEUX;77230;77462
LE PLESSIS-TREVISE;94420;94059
SARTROUVILLE;78500;78586
PUISELET-LE-MARAIS;91150;91508
ELANCOURT;78990;78208
PANTIN;93500;93055
MEILLERAY;77320;77287
DAMMARTIN-EN-SERVE;78111;78192
DANNEMOIS;91490;91195
OLLAINVILLE;91340;91461
MONTIGNY-LES-CORMEILLES;95370;95424
MEIGNEUX;77520;77286
CHAMBRY;77910;77077
RENNEMOULIN;78590;78518
CHAMPAGNE-SUR-SEINE;77430;77079
TREMBLAY-EN-FRANCE;93290;93073
GOUSSONVILLE;78930;78281
PIERREFITTE-SUR-SEINE;93380;93059
PERDREAUVILLE;78200;78484
BRIE-COMTE-ROBERT;77170;77053
MAISONCELLES-EN-BRIE;77580;77270
AIGREMONT;78240;78007
BRAY-SUR-SEINE;77480;77051
COULOMMIERS;77120;77131
MONTENILS;77320;77304
GONESSE;95500;95277
GARGENVILLE;78440;78267
BRUYERES-LE-CHATEL;91680;91115
LE TERTRE-SAINT-DENIS;78980;78608
CLAYE-SOUILLY;77410;77118
ETREPILLY;77139;77173
GAILLON-SUR-MONTCIENT;78250;78261
ORLY;94310;94054
JOUY-LE-CHATEL;77970;77239
FOURQUEUX;78112;78251
PERTHES;77930;77359
GRANDPUITS-BAILLY-CARROIS;77720;77211
LISSES;91090;91340
DEUIL-LA-BARRE;95170;95197
JOUY-MAUVOISIN;78200;78324
VARENNES-JARCY;91480;91631
EZANVILLE;95460;95229
CHEVANNES;91750;91159
BOISSY-LE-CHATEL;77169;77042
MARCILLY;77139;77274
SAINT-GERMAIN-SOUS-DOUE;77169;77411
CACHAN;94230;94016
VILLEROY;77410;77515
GERMIGNY-SOUS-COULOMBS;77840;77204
ROISSY-EN-BRIE;77680;77390
VILLUIS;77480;77523
CLERY-EN-VEXIN;95420;95166
CUCHARMOY;77160;77149
SAINT-GERMAIN-LAVAL;77130;77409
COURQUETAINE;77390;77136
CHARMONT;95420;95141
FONTAINEBLEAU;77300;77186
MAY-EN-MULTIEN;77145;77283
BALLANCOURT-SUR-ESSONNE;91610;91045
BETHEMONT-LA-FORET;95840;95061
SURVILLIERS;95470;95604
SEUGY;95270;95594
ECQUEVILLY;78920;78206
COURBEVOIE;92400;92026
LES ORMES-SUR-VOULZIE;77134;77347
SOURDUN;77171;77459
SIVRY-COURTRY;77115;77453
VETHEUIL;95510;95651
SAINT-JEAN-LES-DEUX-JUMEAUX;77660;77415
FOSSES;95470;95250
VILLIERS-LE-BACLE;91190;91679
LOUVECIENNES;78430;78350
BOULEURS;77580;77047
AVRAINVILLE;91630;91041
ARNOUVILLE-LES-MANTES;78790;78020
GIRONVILLE-SUR-ESSONNE;91720;91273
MEULAN-EN-YVELINES;78250;78401
POINCY;77470;77369
SAINT-DENIS-LES-REBAIS;77510;77406
LE BELLAY-EN-VEXIN;95750;95054
MAGNANVILLE;78200;78354
GUERCHEVILLE;77760;77220
PECQUEUSE;91470;91482
LES LILAS;93260;93045
PONTOISE;95000/95300;95500
VERRIERES-LE-BUISSON;91370;91645
SAINT-GERMAIN-LES-ARPAJON;91180;91552
ARMENTIERES-EN-BRIE;77440;77008
MONDREVILLE;78980;78413
VILLE-D'AVRAY;92410;92077
COURCELLES-EN-BASSEE;77126;77133
ARCUEIL;94110;94003
ANDELU;78770;78013
MONTAINVILLE;78124;78415
YEBLES;77390;77534
GUILLERVAL;91690;91294
SAINT-ESCOBILLE;91410;91547
BOISSISE-LE-ROI;77310;77040
BOULANCOURT;77760;77046
PUISEUX-PONTOISE;95650;95510
BREUIL-BOIS-ROBERT;78930;78104
VALENTON;94460;94074
BESSANCOURT;95550;95060
MEZY-SUR-SEINE;78250;78403
LE PLESSIS-AUX-BOIS;77165;77364
MAUCHAMPS;91730;91378
SAINTE-MESME;78730;78569
ORGEVAL;78630;78466
CONDE-SAINTE-LIBIAIRE;77450;77125
BONNIERES-SUR-SEINE;78270;78089
BOIS-LE-ROI;77590;77037
MAFFLIERS;95560;95353
VILLIERS-SUR-MARNE;94350;94079
ORPHIN;78125;78470
AMBLEVILLE;95710;95011
MAURECOURT;78780;78382
VAUREAL;95490;95637
SAVINS;77650;77446
FROMONT;77760;77198
MASSY;91300;91377
ARVILLE;77890;77009
NEAUPHLE-LE-CHATEAU;78640;78442
FONTENAILLES;77370;77191
BOINVILLIERS;78200;78072
THEUVILLE;95810;95611
LA FERTE-GAUCHER;77320;77182
COMMENY;95450;95169
IVRY-SUR-SEINE;94200;94041
SAINT-CYR-SUR-MORIN;77750;77405
OCQUERRE;77440;77343
COURSON-MONTELOUP;91680;91186
FLACOURT;78200;78234
STAINS;93240;93072
PARIS-8E-ARRONDISSEMENT;75008;75108
ARBONNE-LA-FORET;77630;77006
LUMIGNY-NESLES-ORMEAUX;77540;77264
GRESSY;77410;77214
BAZOCHES-SUR-GUYONNE;78490;78050
BOUTIGNY;77470;77049
CHALOU-MOULINEUX;91740;91131
GUYANCOURT;78280;78297
MONTCEAUX-LES-MEAUX;77470;77300
CROISSY-BEAUBOURG;77183;77146
COUBERT;77170;77127
VILLETANEUSE;93430;93079
CHEVILLY-LARUE;94550;94021
CHANTELOUP-LES-VIGNES;78570;78138
BOINVILLE-EN-MANTOIS;78930;78070
LE VAL-SAINT-GERMAIN;91530;91630
JAIGNES;77440;77235
GRETZ-ARMAINVILLIERS;77220;77215
COURGENT;78790;78185
VOULANGIS;77580;77529
VILLIERS-SAINT-FREDERIC;78640;78683
BOISSY-L'AILLERIE;95650;95078
VIMPELLES;77520;77524
SAINT-MICHEL-SUR-ORGE;91240;91570
BAGNEAUX-SUR-LOING;77167;77016
MISY-SUR-YONNE;77130;77293
SAINT-NOM-LA-BRETECHE;78860;78571
PRESLES-EN-BRIE;77220;77377
GARGES-LES-GONESSE;95140;95268
VILLIERS-LE-MAHIEU;78770;78681
CHAMPS-SUR-MARNE;77420;77083
ERAGNY;95610;95218
FLINS-SUR-SEINE;78410;78238
HAUTEFEUILLE;77515;77224
LE PECQ;78230;78481
VILLECRESNES;94440;94075
BOISSY-MAUVOISIN;78200;78082
RICHEBOURG;78550;78520
LESCHES;77450;77248
CHAILLY-EN-BIERE;77930;77069
SENLISSE;78720;78590
PARIS-17E-ARRONDISSEMENT;75017;75117
CROUY-SUR-OURCQ;77840;77148
VITRY-SUR-SEINE;94400;94081
NESLES-LA-VALLEE;95690;95446
IVERNY;77165;77233
ATHIS-MONS;91200;91027
SAINT-MAMMES;77670;77419
SAINT-GERMAIN-LES-CORBEIL;91250;91553
REAU;77550;77384
BREAU;77720;77052
FEROLLES-ATTILLY;77150;77180
RAMPILLON;77370;77383
LA HOUSSAYE-EN-BRIE;77610;77229
EGLY;91520;91207
NANTEAU-SUR-LUNAIN;77710;77329
BOINVILLE-LE-GAILLARD;78660;78071
LES BREVIAIRES;78610;78108
VINCY-MANOEUVRE;77139;77526
GIRONVILLE;77890;77207
FRENEUSE;78840;78255
COUBRON;93470;93015
SAINT-THIBAULT-DES-VIGNES;77400;77438
VILLERS-EN-ARTHIES;95510;95676
LABBEVILLE;95690;95328
ORGERUS;78910;78465
GAMBAIS;78950;78263
MONTOLIVET;77320;77314
CLICHY-SOUS-BOIS;93390;93014
MAREIL-EN-FRANCE;95850;95365
LE COUDRAY-MONTCEAUX;91830;91179
GUERVILLE;78930;78291
ORLY-SUR-MORIN;77750;77345
LES ESSARTS-LE-ROI;78690;78220
GAMBAISEUIL;78490;78264
SAVIGNY-LE-TEMPLE;77176;77445
ROLLEBOISE;78270;78528
BURES-SUR-YVETTE;91440;91122
CHAILLY-EN-BRIE;77120;77070
POIGNY-LA-FORET;78125;78497
QUINCY-SOUS-SENART;91480;91514
ISLES-LES-MELDEUSES;77440;77231
GALLUIS;78490;78262
SOLERS;77111;77457
ENNERY;95300;95211
AUVERNAUX;91830;91037
PUISIEUX;77139;77380
BOBIGNY;93000;93008
VARREDDES;77910;77483
MAINCY;77950;77269
FORGES-LES-BAINS;91470;91249
MOIGNY-SUR-ECOLE;91490;91408
LE PERCHAY;95450;95483
BOUAFLE;78410;78090
AUTEUIL;78770;78034
RUPEREUX;77560;77396
BOISSY-LE-CUTTE;91590;91080
URY;77760;77477
MOUROUX;77120;77320
JOUARS-PONTCHARTRAIN;78760;78321
FLEURY-MEROGIS;91700;91235
COMBS-LA-VILLE;77380;77122
BELLOT;77510;77030
MENOUVILLE;95810;95387
PIERRE-LEVEE;77580;77361
SAINT-PIERRE-LES-NEMOURS;77140;77431
ORMESSON-SUR-MARNE;94490;94055
BEYNES;78650;78062
LE PERRAY-EN-YVELINES;78610;78486
COURDIMANCHE-SUR-ESSONNE;91720;91184
NOISIEL;77186;77337
AVERNES;95450;95040
ANDREZEL;77390;77004
SERAINCOURT;95450;95592
VILLEPINTE;93420;93078
CHEVRY-COSSIGNY;77173;77114
SAINT-SAUVEUR-SUR-ECOLE;77930;77435
ABLIS;78660;78003
BEZALLES;77970;77033
CHOISY-EN-BRIE;77320;77116
CONCHES-SUR-GONDOIRE;77600;77124
BEZONS;95870;95063
BOIS-HERPIN;91150;91075
PARIS-5E-ARRONDISSEMENT;75005;75105
VILLERON;95380;95675
BRUEIL-EN-VEXIN;78440;78113
CRESPIERES;78121;78189
LA VILLENEUVE-EN-CHEVRIE;78270;78668
BOISSY-SOUS-SAINT-YON;91790;91085
SAINT-MARTIN-EN-BIERE;77630;77425
CHEVREUSE;78460;78160
SAINT-SULPICE-DE-FAVIERES;91910;91578
MORAINVILLIERS;78630;78431
EMERAINVILLE;77184;77169
ECOUEN;95440;95205
CANNES-ECLUSE;77130;77061
SAINT-CYR-L'ECOLE;78210;78545
PLESSIS-SAINT-BENOIST;91410;91495
LA GARENNE-COLOMBES;92250;92035
LA CHAPELLE-GAUTHIER;77720;77086
ACHERES-LA-FORET;77760;77001
CHAVILLE;92370;92022
PONTCARRE;77135;77374
VALLANGOUJARD;95810;95627
VIGNY;95450;95658
LA CELLE-SUR-MORIN;77515;77063
BEAUCHAMP;95250;95051
VAUCRESSON;92420;92076
COURCELLES-SUR-VIOSNE;95650;95181
VAUDOY-EN-BRIE;77141;77486
MAUREPAS;78310;78383
SAINT-GERVAIS;95420;95554
VILLIERS-SOUS-GREZ;77760;77520
ORVEAU;91590;91473
JABLINES;77450;77234
AUBERVILLIERS;93300;93001
SAULX-MARCHAIS;78650;78588
CERNY;91590;91129
EPINAY-SOUS-SENART;91860;91215
SAACY-SUR-MARNE;77730;77397
TROCY-EN-MULTIEN;77440;77476
MOISSY-CRAMAYEL;77550;77296
THOMERY;77810;77463
LE MEE-SUR-SEINE;77350;77285
ERMONT;95120;95219
VULAINES-LES-PROVINS;77160;77532
PERIGNY;94520;94056
SOISY-SUR-SEINE;91450;91600
BUCHELAY;78200;78118
VAUJOURS;93410;93074
LUZANCY;77138;77265
BAZOCHES-LES-BRAY;77118;77025
HARDRICOURT;78250;78299
MAREUIL-LES-MEAUX;77100;77276
VILLEVAUDE;77410;77517
MORET-SUR-LOING;77250;77316
HERMERAY;78125;78307
CHATILLON;92320;92020
ISSOU;78440;78314
VICQ;78490;78653
SAINT-REMY-L'HONORE;78690;78576
CITRY;77730;77117
MEROBERT;91780;91393
SAINT-BARTHELEMY;77320;77402
MONTCOURT-FROMONVILLE;77140;77302
WY-DIT-JOLI-VILLAGE;95420;95690
EPINAY-SUR-SEINE;93800;93031
MONTIGNY-LE-GUESDIER;77480;77310
LA FERTE-ALAIS;91590;91232
NANTOUILLET;77230;77332
RAMBOUILLET;78120;78517
COURTRY;77181;77139
LE MESNIL-LE-ROI;78600;78396
BROU-SUR-CHANTEREINE;77177;77055
MOUSSY-LE-NEUF;77230;77322
PORT-VILLEZ;78270;78503
ECUELLES;77250;77166
VILLEMARECHAL;77710;77504
SAINT-ILLIERS-LA-VILLE;78980;78558
SAINT-SAUVEUR-LES-BRAY;77480;77434
VEMARS;95470;95641
DAMPMART;77400;77155
CORBEIL-ESSONNES;91100;91174
AUVERS-SUR-OISE;95430;95039
VILLENEUVE-SAINT-GEORGES;94190;94078
NEUILLY-SUR-SEINE;92200;92051
BIEVRES;91570;91064
CHAMPAGNE-SUR-OISE;95660;95134
ORMOY;91540;91468
ROSNY-SUR-SEINE;78710;78531
ROUILLY;77160;77391
MESSY;77410;77292
SAINT-FARGEAU-PONTHIERRY;77310;77407
SAINT-MARTIN-DU-TERTRE;95270;95566
TRILBARDOU;77450;77474
YERRES;91330;91691
MITTAINVILLE;78125;78407
DOUE;77510;77162
PERSAN;95340;95487
REUIL-EN-BRIE;77260;77388
TESSANCOURT-SUR-AUBETTE;78250;78609
PISCOP;95350;95489
ORSAY;91400;91471
ROSNY-SOUS-BOIS;93110;93064
MOISSELLES;95570;95409
HARAVILLIERS;95640;95298
LUZARCHES;95270;95352
BOURG-LA-REINE;92340;92014
LE CHESNAY;78150;78158
MESPUITS;91150;91399
BRY-SUR-MARNE;94360;94015
ORMOY-LA-RIVIERE;91150;91469
TOUSSUS-LE-NOBLE;78117;78620
VIROFLAY;78220;78686
LA TOMBE;77130;77467
BALLAINVILLIERS;91160;91044
BOIS-COLOMBES;92270;92009
ENGHIEN-LES-BAINS;95880;95210
SANCY-LES-PROVINS;77320;77444
GRESSEY;78550;78285
PARIS-12E-ARRONDISSEMENT;75012;75112
MAROLLES-EN-BRIE;77120;77278
ORVILLIERS;78910;78474
AUFFREVILLE-BRASSEUIL;78930;78031
ANGERVILLE;91670;91016
LA CHAPELLE-LA-REINE;77760;77088
BANTHELU;95420;95046
SAINT-CYR-EN-ARTHIES;95510;95543
CLICHY;92110;92024
SAINTE-AULDE;77260;77401
PIERRELAYE;95480;95488
NANGIS;77370;77327
SAINT-ARNOULT-EN-YVELINES;78730;78537
BELLEFONTAINE;95270;95055
PALEY;77710;77353
BOISSETTES;77350;77038
SACLAY;91400;91534
NEMOURS;77140;77333
MARY-SUR-MARNE;77440;77280
JOUY-EN-JOSAS;78350;78322
LE VAUDOUE;77123;77485
IGNY;91430;91312
LONGNES;78980;78346
BAILLY;78870;78043
SAINT-GRATIEN;95210;95555
LEUVILLE-SUR-ORGE;91310;91333
SALINS;77148;77439
AMPONVILLE;77760;77003
GIREMOUTIERS;77120;77206
PARIS-2E-ARRONDISSEMENT;75002;75102
SAINT-CHERON;91530;91540
L'ILE-SAINT-DENIS;93450;93039
CHATENAY-MALABRY;92290;92019
FONTAINE-LE-PORT;77590;77188
VANVILLE;77370;77481
BEAUVOIR;77390;77029
ARGENTEUIL;95100;95018
LE PLESSIS-FEU-AUSSOUX;77540;77365
SEINE-PORT;77240;77447
AUTOUILLET;78770;78036
VIGNELY;77450;77498
MORSANG-SUR-SEINE;91250;91435
VIRY-CHATILLON;91170;91687
BUSSY-SAINT-MARTIN;77600;77059
CLAIREFONTAINE-EN-YVELINES;78120;78164
LES MESNULS;78490;78398
BURCY;77760;77056
SAINTE-GENEVIEVE-DES-BOIS;91700;91549
RUEIL-MALMAISON;92500;92063
COURANCES;91490;91180
VILLEJUIF;94800;94076
HERICY;77850;77226
BOITRON;77750;77043
CHATIGNONVILLE;91410;91145
BOISSY-SAINT-LEGER;94470;94004
EPIAIS-LES-LOUVRES;95380;95212
VILLEJUST;91140;91666
BARCY;77910;77023
VAUX-SUR-SEINE;78740;78638
LE PLESSIS-LUZARCHES;95270;95493
AINCOURT;95510;95008
BOISEMONT;95000;95074
MARCHEMORET;77230;77273
CROSNE;91560;91191
SAILLY;78440;78536
LA CELLE-SAINT-CLOUD;78170;78126
TILLY;78790;78618
SAINT-REMY-LES-CHEVREUSE;78470;78575
LIVERDY-EN-BRIE;77220;77254
SANTENY;94440;94070
BUHY;95770;95119
MONTEREAU-FAULT-YONNE;77130;77305
VILLE-SAINT-JACQUES;77130;77516
SACLAS;91690;91533
ASNIERES-SUR-SEINE;92600;92004
NERVILLE-LA-FORET;95590;95445
CHARMENTRAY;77410;77094
LIZINES;77650;77256
SCEAUX;92330;92071
LAVAL-EN-BRIE;77148;77245
PARMAIN;95620;95480
MONTARLOT;77250;77299
MAROLLES-EN-BEAUCE;91150;91374
TREUZY-LEVELAY;77710;77473
SAINT-LEGER-EN-YVELINES;78610;78562
LIMOGES-FOURCHES;77550;77252
LOUAN-VILLEGRUIS-FONTAINE;77560;77262
SOUPPES-SUR-LOING;77460;77458
BASSEVELLE;77750;77024
GREZ-SUR-LOING;77880;77216
LASSY;95270;95331
CHAMPCUEIL;91750;91135
TIGEAUX;77163;77466
PUISEUX-EN-FRANCE;95380;95509
MOISENAY;77950;77295
BREUX-JOUY;91650;91106
SAINT-CYR-LA-RIVIERE;91690;91544
CHATEAU-LANDON;77570;77099
VINANTES;77230;77525
BONNEUIL-EN-FRANCE;95500;95088
THOIRY;78770;78616
LIMEIL-BREVANNES;94450;94044
LA VERRIERE;78320;78644
VAUDHERLAND;95500;95633
JAMBVILLE;78440;78317
CHAUSSY;95710;95150
LE BLANC-MESNIL;93150;93007
VERNEUIL-SUR-SEINE;78480;78642
LIEUSAINT;77127;77251
SAINT-FORGET;78720;78548
ANGERVILLIERS;91470;91017
BELLOY-EN-FRANCE;95270;95056
ABBEVILLE-LA-RIVIERE;91150;91001
GRISY-LES-PLATRES;95810;95287
CHAUFOUR-LES-BONNIERES;78270;78147
MITRY-MORY;77290;77294
MAROLLES-EN-HUREPOIX;91630;91376
THIAIS;94320;94073
GOUZANGREZ;95450;95282
DAMMARIE-LES-LYS;77190;77152
VENDREST;77440;77490
TACOIGNIERES;78910;78605
FREMECOURT;95830;95254
GARENTREVILLE;77890;77200
LA HAUTE-MAISON;77580;77225
DAMPIERRE-EN-YVELINES;78720;78193
BOMBON;77720;77044
BUSSY-SAINT-GEORGES;77600;77058
PALAISEAU;91120;91477
BOISSY-LA-RIVIERE;91690;91079
PRINGY;77310;77378
SAINT-MAUR-DES-FOSSES;94100/94210;94068
MONTMACHOUX;77940;77313
MALAKOFF;92240;92046
DORMELLES;77130;77161
LES GRANGES-LE-ROI;91410;91284
GOMETZ-LA-VILLE;91400;91274
LA CROIX-EN-BRIE;77370;77147
MONTGERON;91230;91421
CHARTRONGES;77320;77097
MONTMORENCY;95160;95428
PARIS-11E-ARRONDISSEMENT;75011;75111
FORFRY;77165;77193
VALENCE-EN-BRIE;77830;77480
MONTLIGNON;95680;95426
BOUGIVAL;78380;78092
SAINT-LAMBERT;78470;78561
HARGEVILLE;78790;78300
VILLEPREUX;78450;78674
LA CHAPELLE-EN-VEXIN;95420;95139
LA CHAPELLE-MOUTILS;77320;77093
CHAMPCENEST;77560;77080
MONTALET-LE-BOIS;78440;78416
VILLIERS-SUR-SEINE;77114;77522
FAY-LES-NEMOURS;77167;77178
MEREVILLE;91660;91390
BOISSY-AUX-CAILLES;77760;77041
EPISY;77250;77170
SOUZY-LA-BRICHE;91580;91602
ROMAINVILLE;93230;93063
CARRIERES-SOUS-POISSY;78955;78123
LES LOGES-EN-JOSAS;78350;78343
FONTENAY-SAINT-PERE;78440;78246
SAINT-MAURICE-MONTCOURONNE;91530;91568
JUZIERS;78820;78327
CHEPTAINVILLE;91630;91156
VERT-LE-PETIT;91710;91649
CHAMPEAUX;77720;77082
MULCENT;78790;78439
BEAUMONT-SUR-OISE;95260;95052
FLINS-NEUVE-EGLISE;78790;78237
JANVRY;91640;91319
CONDECOURT;95450;95170
NEAUPHLE-LE-VIEUX;78640;78443
BREUILLET;91650;91105
BAZEMONT;78580;78049
FRETOY;77320;77197
ACHERES;78260;78005
GARANCIERES;78890;78265
SAINT-SIMEON;77169;77436
MERE;78490;78389
FLEURY-EN-BIERE;77930;77185
L'ISLE-ADAM;95290;95313
GOUVERNES;77400;77209
AUBEPIERRE-OZOUER-LE-REPOS;77720;77010
SAINT-MESMES;77410;77427
LES CLAYES-SOUS-BOIS;78340;78165
BALLOY;77118;77019
GADANCOURT;95450;95259
SAINT-AUGUSTIN;77515;77400
VILLEBEON;77710;77500
SAINT-ILLIERS-LE-BOIS;78980;78559
CHATENOY;77167;77102
TRIEL-SUR-SEINE;78510;78624
LAINVILLE-EN-VEXIN;78440;78329
VILLENEUVE-LE-ROI;94290;94077
MILON-LA-CHAPELLE;78470;78406
MELUN;77000;77288
LINAS;91310;91339
LA BOISSIERE-ECOLE;78125;78077
LONGVILLIERS;78730;78349
LOGNES;77185;77258
BOISDON;77970;77036
SAINT-MARD;77230;77420
NOISY-LE-GRAND;93160;93051
BOURAY-SUR-JUINE;91850;91095
HOUILLES;78800;78311
COURPALAY;77540;77135
LE PERREUX-SUR-MARNE;94170;94058
DAVRON;78810;78196
CHAMARANDE;91730;91132
LONGPERRIER;77230;77259
NANTEAU-SUR-ESSONNE;77760;77328
SUCY-EN-BRIE;94370;94071
GURCY-LE-CHATEL;77520;77223
MAISSE;91720;91359
NEUILLY-SUR-MARNE;93330;93050
LAGNY-SUR-MARNE;77400;77243
CHAUMONTEL;95270;95149
BONDOUFLE;91070;91086
MELZ-SUR-SEINE;77171;77289
COUTENCON;77154;77140
SAINT-PRIX;95390;95574
MAREIL-MARLY;78750;78367
GASTINS;77370;77201
LE MESNIL-SAINT-DENIS;78320;78397
MONNERVILLE;91930;91414
BRETIGNY-SUR-ORGE;91220;91103
COMPANS;77290;77123
RUBELLES;77950;77394
THIVERVAL-GRIGNON;78850;78615
CHAUFFRY;77169;77106
COURDIMANCHE;95800;95183
PARIS-6E-ARRONDISSEMENT;75006;75106
LA FERTE-SOUS-JOUARRE;77260;77183
EPONE;78680;78217
VILLIERS-SAINT-GEORGES;77560;77519
SAINT-HILARION;78125;78557
MAULE;78580;78380
POISSY;78300;78498
NUCOURT;95420;95459
CRISENOY;77390;77145
BEAUMONT-DU-GATINAIS;77890;77027
BOISSISE-LA-BERTRAND;77350;77039
GUIGNES;77390;77222
SAINT-JEAN-DE-BEAUREGARD;91940;91560
CREGY-LES-MEAUX;77124;77143
RAIZEUX;78125;78516
FAREMOUTIERS;77515;77176
LESIGNY;77150;77249
LIMAY;78520;78335
LA FALAISE;78410;78230
SAGY;95450;95535
NOISY-SUR-OISE;95270;95456
VOISENON;77950;77528
COUPVRAY;77700;77132
CHAMPLAN;91160;91136
CHATILLON-LA-BORDE;77820;77103
LA FORET-SAINTE-CROIX;91150;91248
PARAY-DOUAVILLE;78660;78478
TOUSSON;77123;77471
VILLENEUVE-LE-COMTE;77174;77508
GUIGNEVILLE-SUR-ESSONNE;91590;91293
SAINT-OUEN-SUR-MORIN;77750;77429
DHUISY;77440;77157
LE HEAULME;95640;95303
MOURS;95260;95436
MAREIL-SUR-MAULDRE;78124;78368
SAINT-FIACRE;77470;77408
LA ROCHE-GUYON;95780;95523
BONDY;93140;93010
TOURNAN-EN-BRIE;77220;77470
EAUBONNE;95600;95203
LA VILLE-DU-BOIS;91620;91665
DARVAULT;77140;77156
VILLIERS-LE-SEC;95720;95682
GOUAIX;77114;77208
THEMERICOURT;95450;95610
POIGNY;77160;77368
BEHOUST;78910;78053
CRETEIL;94000;94028
GOURNAY-SUR-MARNE;93460;93033
CHELLES;77500;77108
VILLENEUVE-LA-GARENNE;92390;92078
PONTHEVRARD;78730;78499
MAUDETOUR-EN-VEXIN;95420;95379
MORTCERF;77163;77318
MONTIGNY-SUR-LOING;77690;77312
JANVILLE-SUR-JUINE;91510;91318
ORCEMONT;78125;78464
OBSONVILLE;77890;77342
PENCHARD;77124;77358
LES ECRENNES;77820;77165
BUSSIERES;77750;77057
SERRIS;77700;77449
LE RAINCY;93340;93062
COUTEVROULT;77580;77141
DOURDAN;91410;91200
PARIS-13E-ARRONDISSEMENT;75013;75113
FLEXANVILLE;78910;78236
LECHELLE;77171;77246
NEZEL;78410;78451
CHALAUTRE-LA-PETITE;77160;77073
AUGERS-EN-BRIE;77560;77012
SAINT-CLAIR-SUR-EPTE;95770;95541
SOISY-SUR-ECOLE;91840;91599
GERMIGNY-L'EVEQUE;77910;77203
MONTFERMEIL;93370;93047
LIVRY-GARGAN;93190;93046
VILLEMAREUIL;77470;77505
SAINTE-COLOMBE;77650;77404
NOISY-LE-SEC;93130;93053
MONTLHERY;91310;91425
JUVISY-SUR-ORGE;91260;91326
MANDRES-LES-ROSES;94520;94047
ROSAY;78790;78530
CHOISY-LE-ROI;94600;94022
SERVON;77170;77450
RUNGIS;94150;94065
BRUNOY;91800;91114
GUERMANTES;77600;77221
LIMETZ-VILLEZ;78270;78337
ANNET-SUR-MARNE;77410;77005
LE PLESSIS-ROBINSON;92350;92060
VOULTON;77560;77530
TRAPPES;78190;78621
MEAUX;77100;77284
VAUX-SUR-LUNAIN;77710;77489
FUBLAINES;77470;77199
NANTEUIL-SUR-MARNE;77730;77331
CHAUMES-EN-BRIE;77390;77107
VELIZY-VILLACOUBLAY;78140;78640
DIANT;77940;77158
SANNOIS;95110;95582
NOZAY;91620;91458
GROSLAY;95410;95288
BAULNE;91590;91047
MAREIL-LE-GUYON;78490;78366
MONTESSON;78360;78418
ADAINVILLE;78113;78006
HEROUVILLE;95300;95308
USSY-SUR-MARNE;77260;77478
EVERLY;77157;77174
SAINT-MARS-VIEUX-MAISONS;77320;77421
EPINAY-SUR-ORGE;91360;91216
GIF-SUR-YVETTE;91190;91272
JOUARRE;77640;77238
LA NORVILLE;91290;91457
FONTAINE-FOURCHES;77480;77187
CHAINTREAUX;77460;77071
BRIGNANCOURT;95640;95110
SANCY;77580;77443
THENISY;77520;77461
MONDREVILLE;77570;77297
MERY-SUR-MARNE;77730;77290
BULLION;78830;78120
CHEVRY-EN-SEREINE;77710;77115
PARAY-VIEILLE-POSTE;91550;91479
CELY;77930;77065
LE PIN;77181;77363
LE MESNIL-AMELOT;77990;77291
MONTREUIL-SUR-EPTE;95770;95429
MONTEVRAIN;77144;77307
CHALMAISON;77650;77076
MONTREUIL;93100;93048
PARIS-10E-ARRONDISSEMENT;75010;75110
SAINT-MANDE;94160;94067
NEUVILLE-SUR-OISE;95000;95450
SAINT-GERMAIN-SUR-MORIN;77860;77413
LE PLESSIS-PATE;91220;91494
DANNEMARIE;78550;78194
MARLY-LA-VILLE;95670;95371
BOISSY-SANS-AVOIR;78490;78084
SAINT-LEU-LA-FORET;95320;95563
VILLEBON-SUR-YVETTE;91140;91661
MONTCEAUX-LES-PROVINS;77151;77301
LE TARTRE-GAUDRAN;78113;78606
AULNAY-SOUS-BOIS;93600;93005
MOUSSY-LE-VIEUX;77230;77323
OTHIS;77280;77349
LA MADELEINE-SUR-LOING;77570;77267
LES MOLIERES;91470;91411
SAINT-HILLIERS;77160;77414
SAINT-OUEN-EN-BRIE;77720;77428
FONTENAY-EN-PARISIS;95190;95241
TRILPORT;77470;77475
COURTOMER;77390;77138
MACHAULT;77133;77266
JAULNES;77480;77236
MENNECY;91540;91386
GRAVON;77118;77212
CHAMPDEUIL;77390;77081
LA CELLE-LES-BORDES;78720;78125
AVON;77210;77014
BOUTERVILLIERS;91150;91098
LOUVRES;95380;95351
JOUY-LE-MOUTIER;95280;95323
VANVES;92170;92075
ISSY-LES-MOULINEAUX;92130;92040
VILLEMOMBLE;93250;93077
BREVAL;78980;78107
MEUDON;92190/92360;92048
VOISINS-LE-BRETONNEUX;78960;78688
SAMOIS-SUR-SEINE;77920;77441
CHERENCE;95510;95157
MONTGE-EN-GOELE;77230;77308
SAINT-BRICE;77160;77403
EVECQUEMONT;78740;78227
LA BROSSE-MONTCEAUX;77940;77054
CHAPET;78130;78140
PROVINS;77160;77379
VILLAINES-SOUS-BOIS;95570;95660
VILLEMOISSON-SUR-ORGE;91360;91667
BLARU;78270;78068
NANTEUIL-LES-MEAUX;77100;77330
MONTSOULT;95560;95430
OINVILLE-SUR-MONTCIENT;78250;78460
PARIS-7E-ARRONDISSEMENT;75007;75107
CONFLANS-SAINTE-HONORINE;78700;78172
LE VESINET;78110;78650
THORIGNY-SUR-MARNE;77400;77464
SAINT-AUBIN;91190;91538
SAINT-MARTIN-DES-CHAMPS;77320;77423
BRUYERES-SUR-OISE;95820;95116
MONDEVILLE;91590;91412
COURCOURONNES;91080;91182
GENNEVILLIERS;92230;92036
RIS-ORANGIS;91130;91521
VILLEPARISIS;77270;77514
EMANCE;78125;78209
HERME;77114;77227
ASNIERES-SUR-OISE;95270;95026
DAGNY;77320;77151
TORFOU;91730;91619
VILLENEUVE-SOUS-DAMMARTIN;77230;77511
MARGENCY;95580;95369
VERNEUIL-L'ETANG;77390;77493
LOMMOYE;78270;78344
OSNY;95520;95476
EGLIGNY;77126;77167
NEUILLY-PLAISANCE;93360;93049
BRIERES-LES-SCELLES;91150;91109
FREPILLON;95740;95256
MORMANT;77720;77317
FREMAINVILLE;95450;95253
GRISY-SUISNES;77166;77217
LA FRETTE-SUR-SEINE;95530;95257
BOUVILLE;91880;91100
GROSROUVRE;78490;78289
CHENNEVIERES-LES-LOUVRES;95380;95154
LA HAUTEVILLE;78113;78302
PONTAULT-COMBAULT;77340;77373
VILLIERS-LE-BEL;95400;95680
FEUCHEROLLES;78810;78233
REBAIS;77510;77385
MENUCOURT;95180;95388
ARGENTIERES;77390;77007
ICHY;77890;77230
GENAINVILLE;95420;95270
CHATENAY-EN-FRANCE;95190;95144
D'HUISON-LONGUEVILLE;91590;91198
BLENNES;77940;77035
TAVERNY;95150;95607
LARDY;91510;91330
MONTMAGNY;95360;95427
SAINT-MARTIN-LA-GARENNE;78520;78567
GUIRY-EN-VEXIN;95450;95295
BOURDONNE;78113;78096
LONGPONT-SUR-ORGE;91310;91347
BABY;77480;77015
LA COURNEUVE;93120;93027
VILLECONIN;91580;91662
MANTES-LA-JOLIE;78200;78361
SOISY-BOUY;77650;77456
SAINT-MERY;77720;77426
ALLAINVILLE;78660;78009
VAUGRIGNEUSE;91640;91634
LA ROCHETTE;77000;77389
HERBLAY;95220;95306
NAINVILLE-LES-ROCHES;91750;91441
TIGERY;91250;91617
MAROLLES-SUR-SEINE;77130;77279
LA GENEVRAYE;77690;77202
LA QUEUE-EN-BRIE;94510;94060
AUTHON-LA-PLAINE;91410;91035
CRAVENT;78270;78188
MORTERY;77160;77319
SANTEUIL;95640;95584
SIGY;77520;77452
GENTILLY;94250;94037
VAUHALLAN;91430;91635
BOULOGNE-BILLANCOURT;92100;92012
SERMAISE;91530;91593
ROUVRES;77230;77392
SAINT-VRAIN;91770;91579
ANDRESY;78570;78015
GAZERAN;78125;78269
MAISONS-LAFFITTE;78600;78358
VILLIERS-SUR-MORIN;77580;77521
LES MARETS;77560;77275
GAGNY;93220;93032
DOMONT;95330;95199
ARTHIES;95420;95024
BUNO-BONNEVAUX;91720;91121
OMERVILLE;95420;95462
CARNETIN;77400;77062
CERNEUX;77320;77066
ETAMPES;91150;91223
PRESLES;95590;95504
LA GRANDE-PAROISSE;77130;77210
CROISSY-SUR-SEINE;78290;78190
MARLES-EN-BRIE;77610;77277
PARIS-16E-ARRONDISSEMENT;75016;75116
OSMOY;78910;78475
LONGUESSE;95450;95348
VERT;78930;78647
ONCY-SUR-ECOLE;91490;91463
ANTONY;92160;92002
PUSSAY;91740;91511
CORBREUSE;91410;91175
ROCHEFORT-EN-YVELINES;78730;78522
MARCOUSSIS;91460;91363
NANTERRE;92000;92050
MAISON-ROUGE;77370;77272
FOUJU;77390;77195
LA CHAPELLE-RABLAIS;77370;77089
LE PLESSIS-BOUCHARD;95130;95491
VAUX-LE-PENIL;77000;77487
ETRECHY;91580;91226
BERNES-SUR-OISE;95340;95058
PAROY;77520;77355
NOGENT-SUR-MARNE;94130;94052
AUVERS-SAINT-GEORGES;91580;91038
SAMOREAU;77210;77442
CORMEILLES-EN-VEXIN;95830;95177
DAMMARTIN-SUR-TIGEAUX;77163;77154
PARIS-15E-ARRONDISSEMENT;75015;75115
NOINTEL;95590;95452
SEPT-SORTS;77260;77448
ROINVILLE;91410;91525
FONTAINE-LA-RIVIERE;91690;91240
ATTAINVILLE;95570;95028
MARNES-LA-COQUETTE;92430;92047
LE PLESSIS-PLACY;77440;77367
EPINAY-CHAMPLATREUX;95270;95214
VILLENEUVE-SUR-AUVERS;91580;91671
LE CHATELET-EN-BRIE;77820;77100
BARBEY;77130;77021
ARNOUVILLE;95400;95019
PUTEAUX;92800;92062
FONTENAY-SOUS-BOIS;94120;94033
VILLENEUVE-LES-BORDES;77154;77509
CONGERVILLE-THIONVILLE;91740;91613
MERIEL;95630;95392
MONTFORT-L'AMAURY;78490;78420
RECLOSES;77760;77386
L'HAY-LES-ROSES;94240;94038
VENEUX-LES-SABLONS;77250;77491
FONTENAY-LES-BRIIS;91640;91243
PORCHEVILLE;78440;78501
GENICOURT;95650;95271
BOIS-D'ARCY;78390;78073
BAGNEUX;92220;92007
NONVILLE;77140;77340
VILLIERS-SUR-ORGE;91700;91685
ROISSY-EN-FRANCE;95700;95527
ARPAJON;91290;91021
PRECY-SUR-MARNE;77410;77376
COLOMBES;92700;92025
SAINT-CYR-SOUS-DOURDAN;91410;91546
L'ETANG-LA-VILLE;78620;78224
RICHARVILLE;91410;91519
MONTIGNY-LE-BRETONNEUX;78180;78423
PARIS-19E-ARRONDISSEMENT;75019;75119
PARIS-14E-ARRONDISSEMENT;75014;75114
PARIS-4E-ARRONDISSEMENT;75004;75104
SEPTEUIL;78790;78591
MOISSON;78840;78410
CHAVENAY;78450;78152
VULAINES-SUR-SEINE;77870;77533
BUC;78530;78117
SABLONNIERES;77510;77398
VILLEMER;77250;77506
MILLY-LA-FORET;91490;91405
MAROLLES-EN-BRIE;94440;94048
CHEVRAINVILLIERS;77760;77112
LE BOURGET;93350;93013
SEVRES;92310;92072
POMMEUSE;77515;77371
LIVRY-SUR-SEINE;77000;77255
JOUY-SUR-MORIN;77320;77240
MONTDAUPHIN;77320;77303
SIGNY-SIGNETS;77640;77451
AMILLIS;77120;77002
VILLENOY;77124;77513
MAISONCELLES-EN-GATINAIS;77570;77271
MARLY-LE-ROI;78160;78372
VILLENEUVE-SUR-BELLOT;77510;77512
LIMOURS;91470;91338
HODENT;95420;95309
ITTEVILLE;91760;91315
SAINT-LOUP-DE-NAUD;77650;77418
SAINT-PIERRE-DU-PERRAY;91280;91573
BLANDY;77115;77034
VERSAILLES;78000;78646
FRESNES-SUR-MARNE;77410;77196
SAINT-GERMAIN-DE-LA-GRANGE;78640;78550
CERNAY-LA-VILLE;78720;78128
HAUTE-ISLE;95780;95301
VIEUX-CHAMPAGNE;77370;77496
AUFFARGIS;78610;78030
BOUSSY-SAINT-ANTOINE;91800;91097
BAZAINVILLE;78550;78048
BOIGNEVILLE;91720;91069
LE PLESSIS-GASSOT;95720;95492
SAINTS;77120;77433
LEVIS-SAINT-NOM;78320;78334
GOMETZ-LE-CHATEL;91940;91275
PASSY-SUR-SEINE;77480;77356
LES MUREAUX;78130;78440
CHAUCONIN-NEUFMONTIERS;77124;77335
VIARMES;95270;95652
PECY;77970;77357
SAINT-WITZ;95470;95580
AMENUCOURT;95510;95012
PARIS-3E-ARRONDISSEMENT;75003;75103
BEAUCHERY-SAINT-MARTIN;77560;77026
GUITRANCOURT;78440;78296
BAILLY-ROMAINVILLIERS;77700;77018
SAINTRY-SUR-SEINE;91250;91577
NEUFMOUTIERS-EN-BRIE;77610;77336
CHATOU;78400;78146
VILLECERF;77250;77501
OZOIR-LA-FERRIERE;77330;77350
MAUREGARD;77990;77282
VIDELLES;91890;91654
CHARNY;77410;77095
LEUDON-EN-BRIE;77320;77250
SAMMERON;77260;77440
VILLENAUXE-LA-PETITE;77480;77507
COURTACON;77560;77137
SOIGNOLLES-EN-BRIE;77111;77455
BOUQUEVAL;95720;95094
MONTIGNY-LENCOUP;77520;77311
VERT-LE-GRAND;91810;91648
ORSONVILLE;78660;78472
VALMONDOIS;95760;95628
VILLENEUVE-SAINT-DENIS;77174;77510
BOUFFEMONT;95570;95091
SAINT-CLOUD;92210;92064
JOINVILLE-LE-PONT;94340;94042
GOUSSAINVILLE;95190;95280
FONTENAY-AUX-ROSES;92260;92032
NOISEAU;94880;94053
MONTRY;77450;77315
JAGNY-SOUS-BOIS;95850;95316
JUTIGNY;77650;77242
LONGJUMEAU;91160;91345
JUMEAUVILLE;78580;78325
PARIS-20E-ARRONDISSEMENT;75020;75120
AULNOY;77120;77013
FERICY;77133;77179
BERVILLE;95810;95059
LA CHAPELLE-SAINT-SULPICE;77160;77090
ALFORTVILLE;94140;94002
EVRY;91000;91228
BROUY;91150;91112
VILLENNES-SUR-SEINE;78670;78672
BRIIS-SOUS-FORGES;91640;91111
NANDY;77176;77326
MONTEREAU-SUR-LE-JARD;77950;77306
NOISY-RUDIGNON;77940;77338
GUERARD;77580;77219
SAINT-OUEN-L'AUMONE;95310;95572
CLOS-FONTAINE;77370;77119
CHATEAUBLEAU;77370;77098
ORMESSON;77167;77348
LE PORT-MARLY;78560;78502
BAGNOLET;93170;93006
CHATENAY-SUR-SEINE;77126;77101
LE TREMBLAY-SUR-MAULDRE;78490;78623
CERGY;95000/95800;95127
CUISY;77165;77150
FOLLAINVILLE-DENNEMONT;78520;78239
GUIBEVILLE;91630;91292
VARENNES-SUR-SEINE;77130;77482
MORSANG-SUR-ORGE;91390;91434
CHAUVRY;95560;95151
FONTENAY-MAUVOISIN;78200;78245
MONTGEROULT;95650;95422
ABLON-SUR-SEINE;94480;94001
CRECY-LA-CHAPELLE;77580;77142
LEVALLOIS-PERRET;92300;92044
DOUY-LA-RAMEE;77139;77163
LA CHAPELLE-IGER;77540;77087
SARCELLES;95200;95585
MOUY-SUR-SEINE;77480;77325
NOISY-SUR-ECOLE;77123;77339
DROCOURT;78440;78202
ISLES-LES-VILLENOY;77450;77232
MAULETTE;78550;78381
BONNEUIL-SUR-MARNE;94380;94011
SURESNES;92150;92073
MAGNY-LE-HONGRE;77700;77268
BOURRON-MARLOTTE;77780;77048
CONDE-SUR-VESGRE;78113;78171
GESVRES-LE-CHAPITRE;77165;77205
CESSON;77240;77067
QUINCY-VOISINS;77860;77382
SAINT-MARTIN-DE-BRETHENCOURT;78660;78564
FRANCONVILLE;95130;95252
OISSERY;77178;77344
FONTENAY-LE-FLEURY;78330;78242
JOSSIGNY;77600;77237
LES CHAPELLES-BOURBON;77610;77091
SAINT-MARTIN-DES-CHAMPS;78790;78565
CHALIFERT;77144;77075
VERNOU-LA-CELLE-SUR-SEINE;77670;77494
VIENNE-EN-ARTHIES;95510;95656
CHENOISE;77160;77109
HEDOUVILLE;95690;95304
DRANCY;93700;93029
QUIERS;77720;77381
FERRIERES-EN-BRIE;77164;77181
HERBEVILLE;78580;78305
COIGNIERES;78310;78168
NOISY-LE-ROI;78590;78455
BENNECOURT;78270;78057
BUTRY-SUR-OISE;95430;95120
PLAISIR;78370;78490
PARIS-9E-ARRONDISSEMENT;75009;75109
LIZY-SUR-OURCQ;77440;77257
MORIGNY-CHAMPIGNY;91150;91433
CHARENTON-LE-PONT;94220;94018
COCHEREL;77440;77120
MAISONS-ALFORT;94700;94046
AUFFERVILLE;77570;77011
RUMONT;77760;77395
BARBIZON;77630;77022
CHARTRETTES;77590;77096
BOISSY-LE-SEC;91870;91081
FONTAINS;77370;77190
VAUCOURTOIS;77580;77484
ROZAY-EN-BRIE;77540;77393
VERDELOT;77510;77492
CHEVRU;77320;77113
LA TRETOIRE;77510;77472
BUTHIERS;77760;77060
SAINT-GERMAIN-EN-LAYE;78100;78551
LA FORET-LE-ROI;91410;91247
SAINT-DENIS;93200/93210;93066
DONNEMARIE-DONTILLY;77520;77159
SAINT-BRICE-SOUS-FORET;95350;95539
MARCQ;78770;78364
SAINT-GERMAIN-LAXIS;77950;77410
BANNOST-VILLEGAGNON;77970;77020
CREVECOEUR-EN-BRIE;77610;77144
MILLEMONT;78940;78404
COLLEGIEN;77090;77121
FONTENAY-TRESIGNY;77610;77192
MONTHYON;77122;77309
FLAGY;77940;77184
LESCHEROLLES;77320;77247
SAINT-HILAIRE;91780;91556
LIVILLIERS;95300;95341
CHANGIS-SUR-MARNE;77660;77084
FORGES;77130;77194
LE PLESSIS-L'EVEQUE;77165;77366
MAGNY-LES-HAMEAUX;78114;78356
US;95450;95625
MEZIERES-SUR-SEINE;78970;78402
LARCHANT;77760;77244
ROINVILLIERS;91150;91526
SAINT-MAURICE;94410;94069
PEZARCHES;77131;77360
JEUFOSSE;78270;78320
SAINT-REMY-LA-VANNE;77320;77432
LEUDEVILLE;91630;91332
RONQUEROLLES;95340;95529
BERNAY-VILBERT;77540;77031
VAIRES-SUR-MARNE;77360;77479
BRAY-ET-LU;95710;95101
MONS-EN-MONTOIS;77520;77298
CHOISEL;78460;78162
EVRY-GREGY-SUR-YERRE;77166;77175
BONNELLES;78830;78087
SAINT-PATHUS;77178;77430
SOGNOLLES-EN-MONTOIS;77520;77454
EGREVILLE;77620;77168
SAINT-LEGER;77510;77417
SAINT-JUST-EN-BRIE;77370;77416
CHALO-SAINT-MARS;91780;91130
SAINT-OUEN;93400;93070
GRIGNY;91350;91286
MERICOURT;78270;78391
COURCHAMP;77560;77134
GRISY-SUR-SEINE;77480;77218
PARIS-18E-ARRONDISSEMENT;75018;75118
VOULX;77940;77531
BOISSETS;78910;78076
DAMMARTIN-EN-GOELE;77230;77153
CHAUFFOUR-LES-ETRECHY;91580;91148
AULNAY-SUR-MAULDRE;78126;78033
VOINSLES;77540;77527
THOURY-FEROTTES;77940;77465
ESMANS;77940;77172
PRUNAY-EN-YVELINES;78660;78506
CHAMPMOTTEUX;91150;91137
POMPONNE;77400;77372
SAVIGNY-SUR-ORGE;91600;91589
BOUGLIGNY;77570;77045
VIGNEUX-SUR-SEINE;91270;91657
ABLEIGES;95450;95002
PAMFOU;77830;77354
VERT-SAINT-DENIS;77240;77495
MANTES-LA-VILLE;78711;78362
ESBLY;77450;77171
NEAUPHLETTE;78980;78444
SEVRAN;93270;93071
CHILLY-MAZARIN;91380;91161
MERY-SUR-OISE;95540;95394
GRANDCHAMP;78113;78283
GARCHES;92380;92033
BRANSLES;77620;77050
BAILLET-EN-FRANCE;95560;95042
CHENNEVIERES-SUR-MARNE;94430;94019
CHALAUTRE-LA-GRANDE;77171;77072
SAINT-MARTIN-DU-BOSCHET;77320;77424
FAVRIEUX;78200;78231
ROCQUENCOURT;78150;78524
ECHOUBOULAINS;77830;77164
BETON-BAZOCHES;77320;77032
MOUSSY;95640;95438
GOMMECOURT;78270;78276
LA QUEUE-LES-YVELINES;78940;78513
CHATEAUFORT;78117;78143
SAINT-GERMAIN-SUR-ECOLE;77930;77412
CHENOU;77570;77110
NEUILLY-EN-VEXIN;95640;95447
MEDAN;78670;78384
CESSOY-EN-MONTOIS;77520;77068
ANDILLY;95580;95014
DRAVEIL;91210;91201
LE PRE-SAINT-GERVAIS;93310;93061
LORREZ-LE-BOCAGE-PREAUX;77710;77261
VILLABE;91100;91659
BOULLAY-LES-TROUX;91470;91093
ECHARCON;91540;91204
PARIS-1ER-ARRONDISSEMENT;75001;75101
MONTCHAUVET;78790;78417
CHESSY;77700;77111
VALPUISEAUX;91720;91629
TOUQUIN;77131;77469
CHARS;95750;95142
HOUDAN;78550;78310
MORANGIS;91420;91432
CONGIS-SUR-THEROUANNE;77440;77126
SAULX-LES-CHARTREUX;91160;91587
SOISY-SOUS-MONTMORENCY;95230;95598
DUGNY;93440;93030
EPIAIS-RHUS;95810;95213
SAINT-YON;91650;91581
VILLETTE;78930;78677
MOUSSEAUX-SUR-SEINE;78270;78437
OZOUER-LE-VOULGIS;77390;77352
